loan_id,gender,married,dependents,education,self_employed,applicantincome,coapplicantincome,loanamount,loan_amount_term,credit_history,property_area,total_income,loan_to_income_ratio,loan_status
LP001015,Male,Yes,0,Graduate,No,5720,0,110.0,360.0,1.0,Urban,5720,0.019230769230769232,Approved
LP001022,Male,Yes,1,Graduate,No,3076,1500,126.0,360.0,1.0,Urban,4576,0.027534965034965036,Approved
LP001031,Male,Yes,2,Graduate,No,5000,1800,208.0,360.0,1.0,Urban,6800,0.03058823529411765,Approved
LP001035,Male,Yes,2,Graduate,No,2340,2546,100.0,360.0,1.0,Urban,4886,0.020466639377814164,Approved
LP001051,Male,No,0,Not Graduate,No,3276,0,78.0,360.0,1.0,Urban,3276,0.023809523809523808,Approved
LP001054,Male,Yes,0,Not Graduate,Yes,2165,3422,152.0,360.0,1.0,Urban,5587,0.027206013960980848,Approved
LP001055,Female,No,1,Not Graduate,No,2226,0,59.0,360.0,1.0,Semiurban,2226,0.026504941599281222,Approved
LP001056,Male,Yes,2,Not Graduate,No,3881,0,147.0,360.0,0.0,Rural,3881,0.03787683586704458,Denied
LP001059,Male,Yes,2,Graduate,No,13633,0,280.0,240.0,1.0,Urban,13633,0.020538399471869726,Approved
LP001067,Male,No,0,Not Graduate,No,2400,2400,123.0,360.0,1.0,Semiurban,4800,0.025625,Approved
LP001078,Male,No,0,Not Graduate,No,3091,0,90.0,360.0,1.0,Urban,3091,0.029116790682626983,Approved
LP001082,Male,Yes,1,Graduate,No,2185,1516,162.0,360.0,1.0,Semiurban,3701,0.043771953526074034,Approved
LP001083,Male,No,3+,Graduate,No,4166,0,40.0,180.0,1.0,Urban,4166,0.009601536245799328,Approved
LP001094,Male,Yes,2,Graduate,No,12173,0,166.0,360.0,0.0,Semiurban,12173,0.01363673704099236,Denied
LP001096,Female,No,0,Graduate,No,4666,0,124.0,360.0,1.0,Semiurban,4666,0.02657522503214745,Approved
LP001099,Male,No,1,Graduate,No,5667,0,131.0,360.0,1.0,Urban,5667,0.023116287277218987,Approved
LP001105,Male,Yes,2,Graduate,No,4583,2916,200.0,360.0,1.0,Urban,7499,0.026670222696359516,Approved
LP001107,Male,Yes,3+,Graduate,No,3786,333,126.0,360.0,1.0,Semiurban,4119,0.03058994901675164,Approved
LP001108,Male,Yes,0,Graduate,No,9226,7916,300.0,360.0,1.0,Urban,17142,0.01750087504375219,Approved
LP001115,Male,No,0,Graduate,No,1300,3470,100.0,180.0,1.0,Semiurban,4770,0.020964360587002098,Approved
LP001121,Male,Yes,1,Not Graduate,No,1888,1620,48.0,360.0,1.0,Urban,3508,0.013683010262257697,Approved
LP001124,Female,No,3+,Not Graduate,No,2083,0,28.0,180.0,1.0,Urban,2083,0.01344215074411906,Approved
LP001128,Male,No,0,Graduate,No,3909,0,101.0,360.0,1.0,Urban,3909,0.025837810181632132,Approved
LP001135,Female,No,0,Not Graduate,No,3765,0,125.0,360.0,1.0,Urban,3765,0.033200531208499334,Approved
LP001149,Male,Yes,0,Graduate,No,5400,4380,290.0,360.0,1.0,Urban,9780,0.02965235173824131,Approved
LP001153,Male,No,0,Graduate,No,0,24000,148.0,360.0,0.0,Rural,24000,0.006166666666666667,Denied
LP001163,Male,Yes,2,Graduate,No,4363,1250,140.0,360.0,1.0,Urban,5613,0.02494209869944771,Approved
LP001169,Male,Yes,0,Graduate,No,7500,3750,275.0,360.0,1.0,Urban,11250,0.024444444444444446,Approved
LP001174,Male,Yes,0,Graduate,No,3772,833,57.0,360.0,1.0,Semiurban,4605,0.012377850162866449,Approved
LP001176,Male,No,0,Graduate,No,2942,2382,125.0,180.0,1.0,Urban,5324,0.023478587528174305,Approved
LP001177,Female,No,0,Not Graduate,No,2478,0,75.0,360.0,1.0,Semiurban,2478,0.03026634382566586,Approved
LP001183,Male,Yes,2,Graduate,No,6250,820,192.0,360.0,1.0,Urban,7070,0.027157001414427156,Approved
LP001185,Male,No,0,Graduate,No,3268,1683,152.0,360.0,1.0,Semiurban,4951,0.030700868511411836,Approved
LP001187,Male,Yes,0,Graduate,No,2783,2708,158.0,360.0,1.0,Urban,5491,0.028774358040429795,Approved
LP001190,Male,Yes,0,Graduate,No,2740,1541,101.0,360.0,1.0,Urban,4281,0.023592618547068442,Approved
LP001203,Male,No,0,Graduate,No,3150,0,176.0,360.0,0.0,Semiurban,3150,0.05587301587301587,Denied
LP001208,Male,Yes,2,Graduate,No,7350,4029,185.0,180.0,1.0,Urban,11379,0.016258019158098252,Approved
LP001210,Male,Yes,0,Graduate,Yes,2267,2792,90.0,360.0,1.0,Urban,5059,0.017790077090334058,Approved
LP001211,Male,No,0,Graduate,Yes,5833,0,116.0,360.0,1.0,Urban,5833,0.019886850677181555,Approved
LP001219,Male,No,0,Graduate,No,3643,1963,138.0,360.0,1.0,Urban,5606,0.024616482340349626,Approved
LP001220,Male,Yes,0,Graduate,No,5629,818,100.0,360.0,1.0,Urban,6447,0.015511090429657206,Approved
LP001221,Female,No,0,Graduate,No,3644,0,110.0,360.0,1.0,Urban,3644,0.030186608122941824,Approved
LP001226,Male,Yes,0,Not Graduate,No,1750,2024,90.0,360.0,1.0,Semiurban,3774,0.02384737678855326,Approved
LP001230,Male,No,0,Graduate,No,6500,2600,200.0,360.0,1.0,Semiurban,9100,0.02197802197802198,Approved
LP001231,Female,No,0,Graduate,No,3666,0,84.0,360.0,1.0,Urban,3666,0.022913256955810146,Approved
LP001232,Male,Yes,0,Graduate,No,4260,3900,185.0,360.0,1.0,Urban,8160,0.02267156862745098,Approved
LP001237,Male,Yes,0,Not Graduate,No,4163,1475,162.0,360.0,1.0,Urban,5638,0.028733593472862716,Approved
LP001242,Male,No,0,Not Graduate,No,2356,1902,108.0,360.0,1.0,Semiurban,4258,0.025364020666979802,Approved
LP001268,Male,No,0,Graduate,No,6792,3338,187.0,360.0,1.0,Urban,10130,0.018460019743336623,Approved
LP001270,Male,Yes,3+,Not Graduate,Yes,8000,250,187.0,360.0,1.0,Semiurban,8250,0.02266666666666667,Approved
LP001284,Male,Yes,1,Graduate,No,2419,1707,124.0,360.0,1.0,Urban,4126,0.030053320407174018,Approved
LP001287,Male,Yes,3+,Not Graduate,No,3500,833,120.0,360.0,1.0,Semiurban,4333,0.0276944380336949,Approved
LP001291,Male,Yes,1,Graduate,No,3500,3077,160.0,360.0,1.0,Semiurban,6577,0.02432720085145203,Approved
LP001298,Male,Yes,2,Graduate,No,4116,1000,30.0,180.0,1.0,Urban,5116,0.005863956215793589,Approved
LP001312,Male,Yes,0,Not Graduate,Yes,5293,0,92.0,360.0,1.0,Urban,5293,0.01738144719440771,Approved
LP001313,Male,No,0,Graduate,No,2750,0,130.0,360.0,0.0,Urban,2750,0.04727272727272727,Denied
LP001317,Female,No,0,Not Graduate,No,4402,0,130.0,360.0,1.0,Rural,4402,0.029532030895047707,Approved
LP001321,Male,Yes,2,Graduate,No,3613,3539,134.0,180.0,1.0,Semiurban,7152,0.01873601789709172,Approved
LP001323,Female,Yes,2,Graduate,No,2779,3664,176.0,360.0,0.0,Semiurban,6443,0.02731646748409126,Denied
LP001324,Male,Yes,3+,Graduate,No,4720,0,90.0,180.0,1.0,Semiurban,4720,0.019067796610169493,Approved
LP001332,Male,Yes,0,Not Graduate,No,2415,1721,110.0,360.0,1.0,Semiurban,4136,0.026595744680851064,Approved
LP001335,Male,Yes,0,Graduate,Yes,7016,292,125.0,360.0,1.0,Urban,7308,0.017104542966611933,Approved
LP001338,Female,No,2,Graduate,No,4968,0,189.0,360.0,1.0,Semiurban,4968,0.03804347826086957,Approved
LP001347,Female,No,0,Graduate,No,2101,1500,108.0,360.0,0.0,Rural,3601,0.029991668980838656,Denied
LP001348,Male,Yes,3+,Not Graduate,No,4490,0,125.0,360.0,1.0,Urban,4490,0.02783964365256125,Approved
LP001351,Male,Yes,0,Graduate,No,2917,3583,138.0,360.0,1.0,Semiurban,6500,0.02123076923076923,Approved
LP001352,Male,Yes,0,Not Graduate,No,4700,0,135.0,360.0,0.0,Semiurban,4700,0.02872340425531915,Denied
LP001358,Male,Yes,0,Graduate,No,3445,0,130.0,360.0,0.0,Semiurban,3445,0.03773584905660377,Denied
LP001359,Male,Yes,0,Graduate,No,7666,0,187.0,360.0,1.0,Semiurban,7666,0.024393425515262197,Approved
LP001361,Male,Yes,0,Graduate,No,2458,5105,188.0,360.0,0.0,Rural,7563,0.024857860637313236,Denied
LP001366,Female,No,0,Graduate,No,3250,0,95.0,360.0,1.0,Semiurban,3250,0.02923076923076923,Approved
LP001368,Male,No,0,Graduate,No,4463,0,65.0,360.0,1.0,Semiurban,4463,0.014564194488012548,Approved
LP001375,Male,Yes,1,Graduate,No,4083,1775,139.0,60.0,1.0,Urban,5858,0.023728234892454764,Approved
LP001380,Male,Yes,0,Graduate,Yes,3900,2094,232.0,360.0,1.0,Rural,5994,0.038705372038705374,Approved
LP001386,Male,Yes,0,Not Graduate,No,4750,3583,144.0,360.0,1.0,Semiurban,8333,0.017280691227649105,Approved
LP001400,Male,No,0,Graduate,No,3583,3435,155.0,360.0,1.0,Urban,7018,0.02208606440581362,Approved
LP001407,Male,Yes,0,Graduate,No,3189,2367,186.0,360.0,1.0,Urban,5556,0.03347732181425486,Approved
LP001413,Male,No,0,Graduate,Yes,6356,0,50.0,360.0,1.0,Rural,6356,0.007866582756450597,Approved
LP001415,Male,Yes,1,Graduate,No,3413,4053,125.0,360.0,1.0,Semiurban,7466,0.01674256630056255,Approved
LP001419,Female,Yes,0,Graduate,No,7950,0,185.0,360.0,1.0,Urban,7950,0.023270440251572325,Approved
LP001420,Male,Yes,3+,Graduate,No,3829,1103,163.0,360.0,0.0,Urban,4932,0.033049472830494725,Denied
LP001428,Male,Yes,3+,Graduate,No,72529,0,360.0,360.0,1.0,Urban,72529,0.004963531828647851,Approved
LP001445,Male,Yes,2,Not Graduate,No,4136,0,149.0,480.0,0.0,Rural,4136,0.03602514506769826,Denied
LP001446,Male,Yes,0,Graduate,No,8449,0,257.0,360.0,1.0,Rural,8449,0.030417800923186175,Approved
LP001450,Male,Yes,0,Graduate,No,4456,0,131.0,180.0,0.0,Semiurban,4456,0.029398563734290842,Denied
LP001452,Male,Yes,2,Graduate,No,4635,8000,102.0,180.0,1.0,Rural,12635,0.008072813612979818,Approved
LP001455,Male,Yes,0,Graduate,No,3571,1917,135.0,360.0,1.0,Urban,5488,0.024599125364431488,Approved
LP001466,Male,No,0,Graduate,No,3066,0,95.0,360.0,1.0,Semiurban,3066,0.030984996738421394,Approved
LP001471,Male,No,2,Not Graduate,No,3235,2015,77.0,360.0,1.0,Semiurban,5250,0.014666666666666666,Approved
LP001472,Female,No,0,Graduate,No,5058,0,200.0,360.0,1.0,Rural,5058,0.039541320680110716,Approved
LP001475,Male,Yes,0,Graduate,Yes,3188,2286,130.0,360.0,1.0,Rural,5474,0.023748629886737302,Approved
LP001483,Male,Yes,3+,Graduate,No,13518,0,390.0,360.0,1.0,Rural,13518,0.02885042166000888,Approved
LP001486,Male,Yes,1,Graduate,No,4364,2500,185.0,360.0,1.0,Semiurban,6864,0.026952214452214452,Approved
LP001490,Male,Yes,2,Not Graduate,No,4766,1646,100.0,360.0,1.0,Semiurban,6412,0.015595757953836557,Approved
LP001496,Male,Yes,1,Graduate,No,4609,2333,123.0,360.0,0.0,Semiurban,6942,0.017718236819360415,Denied
LP001499,Female,Yes,3+,Graduate,No,6260,0,110.0,360.0,1.0,Semiurban,6260,0.01757188498402556,Approved
LP001500,Male,Yes,1,Graduate,No,3333,4200,256.0,360.0,1.0,Urban,7533,0.03398380459312359,Approved
LP001501,Male,Yes,0,Graduate,No,3500,3250,140.0,360.0,1.0,Semiurban,6750,0.02074074074074074,Approved
LP001517,Male,Yes,3+,Graduate,No,9719,0,61.0,360.0,1.0,Urban,9719,0.006276365881263505,Approved
LP001527,Male,Yes,3+,Graduate,No,6835,0,188.0,360.0,1.0,Semiurban,6835,0.027505486466715436,Approved
LP001534,Male,No,0,Graduate,No,4452,0,131.0,360.0,1.0,Rural,4452,0.029424977538185085,Approved
LP001542,Female,Yes,0,Graduate,No,2262,0,125.0,480.0,0.0,Semiurban,2262,0.05526083112290009,Denied
LP001547,Male,Yes,1,Graduate,No,3901,0,116.0,360.0,1.0,Urban,3901,0.029735965137144323,Approved
LP001548,Male,Yes,2,Not Graduate,No,2687,0,50.0,180.0,1.0,Rural,2687,0.018608113137327874,Approved
LP001558,Male,No,0,Graduate,No,2243,2233,107.0,360.0,1.0,Semiurban,4476,0.02390527256478999,Approved
LP001561,Female,Yes,0,Graduate,No,3417,1287,200.0,360.0,1.0,Semiurban,4704,0.04251700680272109,Approved
LP001563,Male,No,0,Graduate,No,1596,1760,119.0,360.0,0.0,Urban,3356,0.035458879618593564,Denied
LP001567,Male,Yes,3+,Graduate,No,4513,0,120.0,360.0,1.0,Rural,4513,0.026589851539995567,Approved
LP001568,Male,Yes,0,Graduate,No,4500,0,140.0,360.0,1.0,Semiurban,4500,0.03111111111111111,Approved
LP001573,Male,Yes,0,Not Graduate,No,4523,1350,165.0,360.0,1.0,Urban,5873,0.028094670526136557,Approved
LP001584,Female,No,0,Graduate,Yes,4742,0,108.0,360.0,1.0,Semiurban,4742,0.022775200337410376,Approved
LP001587,Male,Yes,0,Graduate,No,4082,0,93.0,360.0,1.0,Semiurban,4082,0.02278294953454189,Approved
LP001589,Female,No,0,Graduate,No,3417,0,102.0,360.0,1.0,Urban,3417,0.029850746268656716,Approved
LP001591,Female,Yes,2,Graduate,No,2922,3396,122.0,360.0,1.0,Semiurban,6318,0.019309908198797087,Approved
LP001599,Male,Yes,0,Graduate,No,4167,4754,160.0,360.0,1.0,Rural,8921,0.017935209057280573,Approved
LP001601,Male,No,3+,Graduate,No,4243,4123,157.0,360.0,1.0,Semiurban,8366,0.01876643557255558,Approved
LP001607,Female,No,0,Not Graduate,No,0,1760,180.0,360.0,1.0,Semiurban,1760,0.10227272727272728,Approved
LP001611,Male,Yes,1,Graduate,No,1516,2900,80.0,360.0,0.0,Rural,4416,0.018115942028985508,Denied
LP001613,Female,No,0,Graduate,No,1762,2666,104.0,360.0,0.0,Urban,4428,0.023486901535682024,Denied
LP001622,Male,Yes,2,Graduate,No,724,3510,213.0,360.0,0.0,Rural,4234,0.05030703826169107,Denied
LP001627,Male,No,0,Graduate,No,3125,0,65.0,360.0,1.0,Urban,3125,0.0208,Approved
LP001650,Male,Yes,0,Graduate,No,2333,3803,146.0,360.0,1.0,Rural,6136,0.02379400260756193,Approved
LP001651,Male,Yes,3+,Graduate,No,3350,1560,135.0,360.0,1.0,Urban,4910,0.0274949083503055,Approved
LP001652,Male,No,0,Graduate,No,2500,6414,187.0,360.0,0.0,Rural,8914,0.020978236481938525,Denied
LP001655,Female,No,0,Graduate,No,12500,0,300.0,360.0,0.0,Urban,12500,0.024,Denied
LP001660,Male,No,0,Graduate,No,4667,0,120.0,360.0,1.0,Semiurban,4667,0.025712449110777802,Approved
LP001662,Male,No,0,Graduate,No,6500,0,71.0,360.0,0.0,Urban,6500,0.010923076923076923,Denied
LP001663,Male,Yes,2,Graduate,No,7500,0,225.0,360.0,1.0,Urban,7500,0.03,Approved
LP001667,Male,No,0,Graduate,No,3073,0,70.0,180.0,1.0,Urban,3073,0.022779043280182234,Approved
LP001695,Male,Yes,1,Not Graduate,No,3321,2088,70.0,360.0,1.0,Semiurban,5409,0.01294139397300795,Approved
LP001703,Male,Yes,0,Graduate,No,3333,1270,124.0,360.0,1.0,Urban,4603,0.0269389528568325,Approved
LP001718,Male,No,0,Graduate,No,3391,0,132.0,360.0,1.0,Rural,3391,0.03892657033323503,Approved
LP001728,Male,Yes,1,Graduate,Yes,3343,1517,105.0,360.0,1.0,Rural,4860,0.021604938271604937,Approved
LP001735,Female,No,1,Graduate,No,3620,0,90.0,360.0,1.0,Urban,3620,0.024861878453038673,Approved
LP001737,Male,No,0,Graduate,No,4000,0,83.0,84.0,1.0,Urban,4000,0.02075,Approved
LP001739,Male,Yes,0,Graduate,No,4258,0,125.0,360.0,1.0,Urban,4258,0.029356505401596993,Approved
LP001742,Male,Yes,2,Graduate,No,4500,0,147.0,360.0,1.0,Rural,4500,0.03266666666666666,Approved
LP001757,Male,Yes,1,Graduate,No,2014,2925,120.0,360.0,1.0,Rural,4939,0.024296416278598906,Approved
LP001769,Male,No,0,Graduate,No,3333,1250,110.0,360.0,1.0,Semiurban,4583,0.024001745581496835,Approved
LP001771,Female,No,3+,Graduate,No,4083,0,103.0,360.0,1.0,Semiurban,4083,0.025226549106049472,Approved
LP001785,Male,No,0,Graduate,No,4727,0,150.0,360.0,0.0,Rural,4727,0.031732599957689865,Denied
LP001787,Male,Yes,3+,Graduate,No,3089,2999,100.0,240.0,1.0,Rural,6088,0.0164257555847569,Approved
LP001789,Male,Yes,3+,Not Graduate,No,6794,528,139.0,360.0,0.0,Urban,7322,0.018983884184649004,Denied
LP001791,Male,Yes,0,Graduate,Yes,32000,0,550.0,360.0,1.0,Semiurban,32000,0.0171875,Approved
LP001794,Male,Yes,2,Graduate,Yes,10890,0,260.0,12.0,1.0,Rural,10890,0.023875114784205693,Approved
LP001797,Female,No,0,Graduate,No,12941,0,150.0,300.0,1.0,Urban,12941,0.011591067150915695,Approved
LP001815,Male,No,0,Not Graduate,No,3276,0,90.0,360.0,1.0,Semiurban,3276,0.027472527472527472,Approved
LP001817,Male,No,0,Not Graduate,Yes,8703,0,199.0,360.0,0.0,Rural,8703,0.02286567850166609,Denied
LP001818,Male,Yes,1,Graduate,No,4742,717,139.0,360.0,1.0,Semiurban,5459,0.025462538926543325,Approved
LP001822,Male,No,0,Graduate,No,5900,0,150.0,360.0,1.0,Urban,5900,0.025423728813559324,Approved
LP001827,Male,No,0,Graduate,No,3071,4309,180.0,360.0,1.0,Urban,7380,0.024390243902439025,Approved
LP001831,Male,Yes,0,Graduate,No,2783,1456,113.0,360.0,1.0,Urban,4239,0.026657230478886528,Approved
LP001842,Male,No,0,Graduate,No,5000,0,148.0,360.0,1.0,Rural,5000,0.0296,Approved
LP001853,Male,Yes,1,Not Graduate,No,2463,2360,117.0,360.0,0.0,Urban,4823,0.02425876010781671,Denied
LP001855,Male,Yes,2,Graduate,No,4855,0,72.0,360.0,1.0,Rural,4855,0.014830072090628218,Approved
LP001857,Male,No,0,Not Graduate,Yes,1599,2474,125.0,300.0,1.0,Semiurban,4073,0.030689909157868893,Approved
LP001862,Male,Yes,2,Graduate,Yes,4246,4246,214.0,360.0,1.0,Urban,8492,0.025200188412623645,Approved
LP001867,Male,Yes,0,Graduate,No,4333,2291,133.0,350.0,1.0,Rural,6624,0.020078502415458936,Approved
LP001878,Male,No,1,Graduate,No,5823,2529,187.0,360.0,1.0,Semiurban,8352,0.02238984674329502,Approved
LP001881,Male,Yes,0,Not Graduate,No,7895,0,143.0,360.0,1.0,Rural,7895,0.01811272957568081,Approved
LP001886,Male,No,0,Graduate,No,4150,4256,209.0,360.0,1.0,Rural,8406,0.02486319295741137,Approved
LP001906,Male,No,0,Graduate,No,2964,0,84.0,360.0,0.0,Semiurban,2964,0.02834008097165992,Denied
LP001909,Male,No,0,Graduate,No,5583,0,116.0,360.0,1.0,Urban,5583,0.020777359842378648,Approved
LP001911,Female,No,0,Graduate,No,2708,0,65.0,360.0,1.0,Rural,2708,0.024002954209748892,Approved
LP001921,Male,No,1,Graduate,No,3180,2370,80.0,240.0,1.0,Rural,5550,0.014414414414414415,Approved
LP001923,Male,No,0,Not Graduate,No,2268,0,170.0,360.0,0.0,Semiurban,2268,0.07495590828924162,Denied
LP001933,Male,No,2,Not Graduate,No,1141,2017,120.0,360.0,0.0,Urban,3158,0.03799873337555415,Denied
LP001943,Male,Yes,0,Graduate,No,3042,3167,135.0,360.0,1.0,Urban,6209,0.021742631663713964,Approved
LP001950,Female,Yes,3+,Graduate,No,1750,2935,94.0,360.0,0.0,Semiurban,4685,0.02006403415154749,Denied
LP001959,Female,Yes,1,Graduate,No,3564,0,79.0,360.0,1.0,Rural,3564,0.022166105499438832,Approved
LP001961,Female,No,0,Graduate,No,3958,0,110.0,360.0,1.0,Rural,3958,0.027791814047498736,Approved
LP001973,Male,Yes,2,Not Graduate,No,4483,0,130.0,360.0,1.0,Rural,4483,0.028998438545616775,Approved
LP001975,Male,Yes,0,Graduate,No,5225,0,143.0,360.0,1.0,Rural,5225,0.02736842105263158,Approved
LP001979,Male,No,0,Graduate,No,3017,2845,159.0,180.0,0.0,Urban,5862,0.02712384851586489,Denied
LP001995,Male,Yes,0,Not Graduate,No,2431,1820,110.0,360.0,0.0,Rural,4251,0.0258762644083745,Denied
LP001999,Male,Yes,2,Graduate,No,4912,4614,160.0,360.0,1.0,Rural,9526,0.016796136888515643,Approved
LP002007,Male,Yes,2,Not Graduate,No,2500,3333,131.0,360.0,1.0,Urban,5833,0.022458426195782616,Approved
LP002009,Female,No,0,Graduate,No,2918,0,65.0,360.0,1.0,Rural,2918,0.02227553118574366,Approved
LP002016,Male,Yes,2,Graduate,No,5128,0,143.0,360.0,1.0,Rural,5128,0.027886115444617783,Approved
LP002017,Male,Yes,3+,Graduate,No,15312,0,187.0,360.0,1.0,Urban,15312,0.01221264367816092,Approved
LP002018,Male,Yes,2,Graduate,No,3958,2632,160.0,360.0,1.0,Semiurban,6590,0.024279210925644917,Approved
LP002027,Male,Yes,0,Graduate,No,4334,2945,165.0,360.0,1.0,Semiurban,7279,0.022667948894078856,Approved
LP002028,Male,Yes,2,Graduate,No,4358,0,110.0,360.0,1.0,Urban,4358,0.025240936209270308,Approved
LP002042,Female,Yes,1,Graduate,No,4000,3917,173.0,360.0,1.0,Rural,7917,0.02185171150688392,Approved
LP002045,Male,Yes,3+,Graduate,No,10166,750,150.0,360.0,1.0,Urban,10916,0.013741297178453645,Approved
LP002046,Male,Yes,0,Not Graduate,No,4483,0,135.0,360.0,1.0,Semiurban,4483,0.030113763105063574,Approved
LP002047,Male,Yes,2,Not Graduate,No,4521,1184,150.0,360.0,1.0,Semiurban,5705,0.026292725679228746,Approved
LP002056,Male,Yes,2,Graduate,No,9167,0,235.0,360.0,1.0,Semiurban,9167,0.02563543143885677,Approved
LP002057,Male,Yes,0,Not Graduate,No,13083,0,125.0,360.0,1.0,Rural,13083,0.009554383551173279,Approved
LP002059,Male,Yes,2,Graduate,No,7874,3967,336.0,360.0,1.0,Rural,11841,0.02837598175829744,Approved
LP002062,Female,Yes,1,Graduate,No,4333,0,132.0,84.0,1.0,Rural,4333,0.030463881837064388,Approved
LP002064,Male,No,0,Graduate,No,4083,0,96.0,360.0,1.0,Urban,4083,0.02351212343864805,Approved
LP002069,Male,Yes,2,Not Graduate,No,3785,2912,180.0,360.0,0.0,Rural,6697,0.026877706435717484,Denied
LP002070,Male,Yes,3+,Not Graduate,No,2654,1998,128.0,360.0,0.0,Rural,4652,0.027515047291487533,Denied
LP002077,Male,Yes,1,Graduate,No,10000,2690,412.0,360.0,1.0,Semiurban,12690,0.03246650906225374,Approved
LP002083,Male,No,0,Graduate,Yes,5833,0,116.0,360.0,1.0,Urban,5833,0.019886850677181555,Approved
LP002090,Male,Yes,1,Graduate,No,4796,0,114.0,360.0,0.0,Semiurban,4796,0.0237698081734779,Denied
LP002096,Male,Yes,0,Not Graduate,No,2000,1600,115.0,360.0,1.0,Rural,3600,0.03194444444444444,Approved
LP002099,Male,Yes,2,Graduate,No,2540,700,104.0,360.0,0.0,Urban,3240,0.03209876543209877,Denied
LP002102,Male,Yes,0,Graduate,Yes,1900,1442,88.0,360.0,1.0,Rural,3342,0.026331538001196888,Approved
LP002105,Male,Yes,0,Graduate,Yes,8706,0,108.0,480.0,1.0,Rural,8706,0.012405237767057202,Approved
LP002107,Male,Yes,3+,Not Graduate,No,2855,542,90.0,360.0,1.0,Urban,3397,0.026493965263467766,Approved
LP002111,Male,Yes,0,Graduate,No,3016,1300,100.0,360.0,1.0,Urban,4316,0.023169601482854494,Approved
LP002117,Female,Yes,0,Graduate,No,3159,2374,108.0,360.0,1.0,Semiurban,5533,0.019519248147478765,Approved
LP002118,Female,No,0,Graduate,No,1937,1152,78.0,360.0,1.0,Semiurban,3089,0.025250890255746197,Approved
LP002123,Male,Yes,0,Graduate,No,2613,2417,123.0,360.0,1.0,Semiurban,5030,0.02445328031809145,Approved
LP002125,Male,Yes,1,Graduate,No,4960,2600,187.0,360.0,1.0,Semiurban,7560,0.024735449735449735,Approved
LP002148,Male,Yes,1,Graduate,No,3074,1083,146.0,360.0,1.0,Semiurban,4157,0.035121481837863844,Approved
LP002152,Female,No,0,Graduate,No,4213,0,80.0,360.0,1.0,Urban,4213,0.018988844054118204,Approved
LP002165,Male,No,1,Not Graduate,No,2038,4027,100.0,360.0,1.0,Rural,6065,0.016488046166529265,Approved
LP002167,Female,No,0,Graduate,No,2362,0,55.0,360.0,1.0,Urban,2362,0.023285351397121085,Approved
LP002168,Male,No,0,Graduate,No,5333,2400,200.0,360.0,0.0,Rural,7733,0.0258631837579206,Denied
LP002172,Male,Yes,3+,Graduate,Yes,5384,0,150.0,360.0,1.0,Semiurban,5384,0.02786032689450223,Approved
LP002176,Male,No,0,Graduate,No,5708,0,150.0,360.0,1.0,Rural,5708,0.026278906797477224,Approved
LP002183,Male,Yes,0,Not Graduate,No,3754,3719,118.0,360.0,1.0,Rural,7473,0.015790177974039876,Approved
LP002184,Male,Yes,0,Not Graduate,No,2914,2130,150.0,300.0,1.0,Urban,5044,0.02973830293417922,Approved
LP002186,Male,Yes,0,Not Graduate,No,2747,2458,118.0,36.0,1.0,Semiurban,5205,0.022670509125840538,Approved
LP002192,Male,Yes,0,Graduate,No,7830,2183,212.0,360.0,1.0,Rural,10013,0.02117247578148407,Approved
LP002195,Male,Yes,1,Graduate,Yes,3507,3148,212.0,360.0,1.0,Rural,6655,0.0318557475582269,Approved
LP002208,Male,Yes,1,Graduate,No,3747,2139,125.0,360.0,1.0,Urban,5886,0.02123683316343867,Approved
LP002212,Male,Yes,0,Graduate,No,2166,2166,108.0,360.0,1.0,Urban,4332,0.024930747922437674,Approved
LP002240,Male,Yes,0,Not Graduate,No,3500,2168,149.0,360.0,1.0,Rural,5668,0.026287932251235005,Approved
LP002245,Male,Yes,2,Not Graduate,No,2896,0,80.0,480.0,1.0,Urban,2896,0.027624309392265192,Approved
LP002253,Female,No,1,Graduate,No,5062,0,152.0,300.0,1.0,Rural,5062,0.0300276570525484,Approved
LP002256,Female,No,2,Graduate,Yes,5184,0,187.0,360.0,0.0,Semiurban,5184,0.03607253086419753,Denied
LP002257,Female,No,0,Graduate,No,2545,0,74.0,360.0,1.0,Urban,2545,0.029076620825147347,Approved
LP002264,Male,Yes,0,Graduate,No,2553,1768,102.0,360.0,1.0,Urban,4321,0.023605646841009027,Approved
LP002270,Male,Yes,1,Graduate,No,3436,3809,100.0,360.0,1.0,Rural,7245,0.013802622498274672,Approved
LP002279,Male,No,0,Graduate,No,2412,2755,130.0,360.0,1.0,Rural,5167,0.025159667118250434,Approved
LP002286,Male,Yes,3+,Not Graduate,No,5180,0,125.0,360.0,0.0,Urban,5180,0.02413127413127413,Denied
LP002294,Male,No,0,Graduate,No,14911,14507,130.0,360.0,1.0,Semiurban,29418,0.004419063158610375,Approved
LP002298,Male,No,0,Graduate,Yes,2860,2988,138.0,360.0,1.0,Urban,5848,0.02359781121751026,Approved
LP002306,Male,Yes,0,Graduate,No,1173,1594,28.0,180.0,1.0,Rural,2767,0.010119262739428984,Approved
LP002310,Female,No,1,Graduate,No,7600,0,92.0,360.0,1.0,Semiurban,7600,0.012105263157894737,Approved
LP002311,Female,Yes,0,Graduate,No,2157,1788,104.0,360.0,1.0,Urban,3945,0.026362484157160963,Approved
LP002316,Male,No,0,Graduate,No,2231,2774,176.0,360.0,0.0,Urban,5005,0.035164835164835165,Denied
LP002321,Female,No,0,Graduate,No,2274,5211,117.0,360.0,0.0,Semiurban,7485,0.0156312625250501,Denied
LP002325,Male,Yes,2,Not Graduate,No,6166,13983,102.0,360.0,1.0,Rural,20149,0.0050622859695270235,Approved
LP002326,Male,Yes,2,Not Graduate,No,2513,1110,107.0,360.0,1.0,Semiurban,3623,0.02953353574385868,Approved
LP002329,Male,No,0,Graduate,No,4333,0,66.0,480.0,1.0,Urban,4333,0.015231940918532194,Approved
LP002333,Male,No,0,Not Graduate,No,3844,0,105.0,360.0,1.0,Urban,3844,0.027315296566077004,Approved
LP002339,Male,Yes,0,Graduate,No,3887,1517,105.0,360.0,0.0,Semiurban,5404,0.019430051813471502,Denied
LP002344,Male,Yes,0,Graduate,No,3510,828,105.0,360.0,1.0,Semiurban,4338,0.024204702627939143,Approved
LP002346,Male,Yes,0,Graduate,No,2539,1704,125.0,360.0,0.0,Rural,4243,0.029460287532406315,Denied
LP002354,Female,No,0,Not Graduate,No,2107,0,64.0,360.0,1.0,Semiurban,2107,0.030374940673943997,Approved
LP002355,Male,Yes,0,Graduate,No,3186,3145,150.0,180.0,0.0,Semiurban,6331,0.0236929395040278,Denied
LP002358,Male,Yes,2,Graduate,Yes,5000,2166,150.0,360.0,1.0,Urban,7166,0.020932179737650013,Approved
LP002360,Male,Yes,0,Graduate,No,10000,0,125.0,360.0,1.0,Urban,10000,0.0125,Approved
LP002375,Male,Yes,0,Not Graduate,Yes,3943,0,64.0,360.0,1.0,Semiurban,3943,0.016231295967537408,Approved
LP002376,Male,No,0,Graduate,No,2925,0,40.0,180.0,1.0,Rural,2925,0.013675213675213675,Approved
LP002383,Male,Yes,3+,Graduate,No,3242,437,142.0,480.0,0.0,Urban,3679,0.03859744495786899,Denied
LP002385,Male,Yes,0,Graduate,No,3863,0,70.0,300.0,1.0,Semiurban,3863,0.01812063163344551,Approved
LP002389,Female,No,1,Graduate,No,4028,0,131.0,360.0,1.0,Semiurban,4028,0.03252234359483615,Approved
LP002394,Male,Yes,2,Graduate,No,4010,1025,120.0,360.0,1.0,Urban,5035,0.023833167825223437,Approved
LP002397,Female,Yes,1,Graduate,No,3719,1585,114.0,360.0,1.0,Urban,5304,0.021493212669683258,Approved
LP002399,Male,No,0,Graduate,No,2858,0,123.0,360.0,0.0,Rural,2858,0.043037088873338,Denied
LP002400,Female,Yes,0,Graduate,No,3833,0,92.0,360.0,1.0,Rural,3833,0.024002087138012,Approved
LP002402,Male,Yes,0,Graduate,No,3333,4288,160.0,360.0,1.0,Urban,7621,0.02099462012859205,Approved
LP002412,Male,Yes,0,Graduate,No,3007,3725,151.0,360.0,1.0,Rural,6732,0.02243018419489008,Approved
LP002415,Female,No,1,Graduate,No,1850,4583,81.0,360.0,1.0,Rural,6433,0.012591325975439141,Approved
LP002417,Male,Yes,3+,Not Graduate,No,2792,2619,171.0,360.0,1.0,Semiurban,5411,0.03160229162816485,Approved
LP002420,Male,Yes,0,Graduate,No,2982,1550,110.0,360.0,1.0,Semiurban,4532,0.024271844660194174,Approved
LP002425,Male,No,0,Graduate,No,3417,738,100.0,360.0,1.0,Rural,4155,0.024067388688327317,Approved
LP002433,Male,Yes,1,Graduate,No,18840,0,234.0,360.0,1.0,Rural,18840,0.012420382165605096,Approved
LP002440,Male,Yes,2,Graduate,No,2995,1120,184.0,360.0,1.0,Rural,4115,0.04471445929526124,Approved
LP002441,Male,No,0,Graduate,No,3579,3308,138.0,360.0,1.0,Semiurban,6887,0.02003775228691738,Approved
LP002442,Female,Yes,1,Not Graduate,No,3835,1400,112.0,480.0,0.0,Urban,5235,0.02139446036294174,Denied
LP002445,Female,No,1,Not Graduate,No,3854,3575,117.0,360.0,1.0,Rural,7429,0.01574909139857316,Approved
LP002450,Male,Yes,2,Graduate,No,5833,750,49.0,360.0,0.0,Rural,6583,0.0074434148564484276,Denied
LP002471,Male,No,0,Graduate,No,3508,0,99.0,360.0,1.0,Rural,3508,0.028221208665906498,Approved
LP002476,Female,Yes,3+,Not Graduate,No,1635,2444,99.0,360.0,1.0,Urban,4079,0.02427065457219907,Approved
LP002482,Female,No,0,Graduate,Yes,3333,3916,212.0,360.0,1.0,Rural,7249,0.029245413160435923,Approved
LP002485,Male,No,1,Graduate,No,24797,0,240.0,360.0,1.0,Semiurban,24797,0.00967859015203452,Approved
LP002495,Male,Yes,2,Graduate,No,5667,440,130.0,360.0,0.0,Semiurban,6107,0.021287047650237433,Denied
LP002496,Female,No,0,Graduate,No,3500,0,94.0,360.0,0.0,Semiurban,3500,0.026857142857142857,Denied
LP002523,Male,Yes,3+,Graduate,No,2773,1497,108.0,360.0,1.0,Semiurban,4270,0.02529274004683841,Approved
LP002542,Male,Yes,0,Graduate,No,6500,0,144.0,360.0,1.0,Urban,6500,0.022153846153846152,Approved
LP002550,Female,No,0,Graduate,No,5769,0,110.0,180.0,1.0,Semiurban,5769,0.01906742936384122,Approved
LP002551,Male,Yes,3+,Not Graduate,No,3634,910,176.0,360.0,0.0,Semiurban,4544,0.03873239436619718,Denied
LP002553,Male,No,0,Graduate,No,29167,0,185.0,360.0,1.0,Semiurban,29167,0.00634278465388967,Approved
LP002554,Male,No,0,Graduate,No,2166,2057,122.0,360.0,1.0,Semiurban,4223,0.02888941510774331,Approved
LP002561,Male,Yes,0,Graduate,No,5000,0,126.0,360.0,1.0,Rural,5000,0.0252,Approved
LP002566,Female,No,0,Graduate,No,5530,0,135.0,360.0,1.0,Urban,5530,0.024412296564195298,Approved
LP002568,Male,No,0,Not Graduate,No,9000,0,122.0,360.0,1.0,Rural,9000,0.013555555555555555,Approved
LP002570,Female,Yes,2,Graduate,No,10000,11666,460.0,360.0,1.0,Urban,21666,0.021231422505307854,Approved
LP002572,Male,Yes,1,Graduate,No,8750,0,297.0,360.0,1.0,Urban,8750,0.03394285714285714,Approved
LP002581,Male,Yes,0,Not Graduate,No,2157,2730,140.0,360.0,1.0,Rural,4887,0.02864743196234909,Approved
LP002584,Male,No,0,Graduate,No,1972,4347,106.0,360.0,1.0,Rural,6319,0.01677480614021206,Approved
LP002592,Male,No,0,Graduate,No,4983,0,141.0,360.0,1.0,Urban,4983,0.028296207104154123,Approved
LP002593,Male,Yes,1,Graduate,No,8333,4000,125.0,360.0,1.0,Urban,12333,0.010135409065109869,Approved
LP002599,Male,Yes,0,Graduate,No,3667,2000,170.0,360.0,1.0,Semiurban,5667,0.02999823539791777,Approved
LP002604,Male,Yes,2,Graduate,No,3166,2833,145.0,360.0,1.0,Urban,5999,0.024170695115852642,Approved
LP002605,Male,No,0,Not Graduate,No,3271,0,90.0,360.0,1.0,Rural,3271,0.027514521553041883,Approved
LP002609,Female,Yes,0,Graduate,No,2241,2000,88.0,360.0,0.0,Urban,4241,0.020749823154916292,Denied
LP002610,Male,Yes,1,Not Graduate,No,1792,2565,128.0,360.0,1.0,Urban,4357,0.02937801239384898,Approved
LP002612,Female,Yes,0,Graduate,No,2666,0,84.0,480.0,1.0,Semiurban,2666,0.03150787696924231,Approved
LP002614,Male,No,0,Graduate,No,6478,0,108.0,360.0,1.0,Semiurban,6478,0.01667181228774313,Approved
LP002630,Male,No,0,Not Graduate,No,3808,0,83.0,360.0,1.0,Rural,3808,0.021796218487394957,Approved
LP002635,Female,Yes,2,Not Graduate,No,3729,0,117.0,360.0,1.0,Semiurban,3729,0.031375703942075624,Approved
LP002639,Male,Yes,2,Graduate,No,4120,0,128.0,360.0,1.0,Rural,4120,0.031067961165048542,Approved
LP002644,Male,Yes,1,Graduate,Yes,7500,0,75.0,360.0,1.0,Urban,7500,0.01,Approved
LP002651,Male,Yes,1,Graduate,No,6300,0,125.0,360.0,0.0,Urban,6300,0.01984126984126984,Denied
LP002654,Female,No,0,Graduate,Yes,14987,0,177.0,360.0,1.0,Rural,14987,0.011810235537465803,Approved
LP002657,Male,Yes,1,Not Graduate,Yes,570,2125,68.0,360.0,1.0,Rural,2695,0.02523191094619666,Approved
LP002711,Male,Yes,0,Graduate,No,2600,700,96.0,360.0,1.0,Semiurban,3300,0.02909090909090909,Approved
LP002712,Male,No,2,Not Graduate,No,2733,1083,180.0,360.0,1.0,Semiurban,3816,0.04716981132075472,Approved
LP002721,Male,Yes,2,Graduate,Yes,7500,0,183.0,360.0,1.0,Rural,7500,0.0244,Approved
LP002735,Male,Yes,2,Not Graduate,No,3859,0,121.0,360.0,1.0,Rural,3859,0.031355273386887796,Approved
LP002744,Male,Yes,1,Graduate,No,6825,0,162.0,360.0,1.0,Rural,6825,0.023736263736263738,Approved
LP002745,Male,Yes,0,Graduate,No,3708,4700,132.0,360.0,1.0,Semiurban,8408,0.01569933396764986,Approved
LP002746,Male,No,0,Graduate,No,5314,0,147.0,360.0,1.0,Urban,5314,0.02766277756868649,Approved
LP002747,Female,No,3+,Graduate,No,2366,5272,153.0,360.0,0.0,Rural,7638,0.020031421838177535,Denied
LP002754,Male,No,0,Graduate,No,2066,2108,104.0,84.0,1.0,Urban,4174,0.024916147580258743,Approved
LP002759,Male,Yes,2,Graduate,No,5000,0,149.0,360.0,1.0,Rural,5000,0.0298,Approved
LP002760,Female,No,0,Graduate,No,3767,0,134.0,300.0,1.0,Urban,3767,0.0355720732678524,Approved
LP002766,Female,Yes,0,Graduate,No,7859,879,165.0,180.0,1.0,Semiurban,8738,0.01888303959716182,Approved
LP002769,Female,Yes,0,Graduate,No,4283,0,120.0,360.0,1.0,Rural,4283,0.02801774457156199,Approved
LP002774,Male,Yes,0,Not Graduate,No,1700,2900,67.0,360.0,0.0,Urban,4600,0.014565217391304348,Denied
LP002775,Male,No,0,Not Graduate,No,4768,0,125.0,360.0,1.0,Rural,4768,0.026216442953020135,Approved
LP002781,Male,No,0,Graduate,No,3083,2738,120.0,360.0,1.0,Urban,5821,0.02061501460230201,Approved
LP002782,Male,Yes,1,Graduate,No,2667,1542,148.0,360.0,1.0,Rural,4209,0.035162746495604656,Approved
LP002786,Female,Yes,0,Not Graduate,No,1647,1762,181.0,360.0,1.0,Urban,3409,0.05309474919331182,Approved
LP002790,Male,Yes,3+,Graduate,No,3400,0,80.0,120.0,1.0,Urban,3400,0.023529411764705882,Approved
LP002791,Male,No,1,Graduate,No,16000,5000,40.0,360.0,1.0,Semiurban,21000,0.0019047619047619048,Approved
LP002793,Male,Yes,0,Graduate,No,5333,0,90.0,360.0,1.0,Rural,5333,0.01687605475342209,Approved
LP002802,Male,No,0,Graduate,No,2875,2416,95.0,6.0,0.0,Semiurban,5291,0.017955017955017954,Denied
LP002803,Male,Yes,1,Not Graduate,No,2600,618,122.0,360.0,1.0,Semiurban,3218,0.03791174642635177,Approved
LP002805,Male,Yes,2,Graduate,No,5041,700,150.0,360.0,1.0,Urban,5741,0.02612785229054172,Approved
LP002806,Male,Yes,3+,Graduate,Yes,6958,1411,150.0,360.0,1.0,Rural,8369,0.01792328832596487,Approved
LP002816,Male,Yes,1,Graduate,No,3500,1658,104.0,360.0,1.0,Semiurban,5158,0.02016285381930981,Approved
LP002823,Male,Yes,0,Graduate,No,5509,0,143.0,360.0,1.0,Rural,5509,0.025957524051552005,Approved
LP002825,Male,Yes,3+,Graduate,No,9699,0,300.0,360.0,1.0,Urban,9699,0.03093102381688834,Approved
LP002826,Female,Yes,1,Not Graduate,No,3621,2717,171.0,360.0,1.0,Urban,6338,0.026980119911644052,Approved
LP002843,Female,Yes,0,Graduate,No,4709,0,113.0,360.0,1.0,Semiurban,4709,0.023996602251008706,Approved
LP002849,Male,Yes,0,Graduate,No,1516,1951,35.0,360.0,1.0,Semiurban,3467,0.010095183155465821,Approved
LP002850,Male,No,2,Graduate,No,2400,0,46.0,360.0,1.0,Urban,2400,0.019166666666666665,Approved
LP002853,Female,No,0,Not Graduate,No,3015,2000,145.0,360.0,1.0,Urban,5015,0.028913260219341975,Approved
LP002856,Male,Yes,0,Graduate,No,2292,1558,119.0,360.0,1.0,Urban,3850,0.03090909090909091,Approved
LP002857,Male,Yes,1,Graduate,Yes,2360,3355,87.0,240.0,1.0,Rural,5715,0.015223097112860892,Approved
LP002858,Female,No,0,Graduate,No,4333,2333,162.0,360.0,0.0,Rural,6666,0.024302430243024302,Denied
LP002860,Male,Yes,0,Graduate,Yes,2623,4831,122.0,180.0,1.0,Semiurban,7454,0.016367051247652267,Approved
LP002867,Male,No,0,Graduate,Yes,3972,4275,187.0,360.0,1.0,Rural,8247,0.022674912089244575,Approved
LP002869,Male,Yes,3+,Not Graduate,No,3522,0,81.0,180.0,1.0,Rural,3522,0.022998296422487224,Approved
LP002870,Male,Yes,1,Graduate,No,4700,0,80.0,360.0,1.0,Urban,4700,0.01702127659574468,Approved
LP002876,Male,No,0,Graduate,No,6858,0,176.0,360.0,1.0,Rural,6858,0.025663458734324875,Approved
LP002878,Male,Yes,3+,Graduate,No,8334,0,260.0,360.0,1.0,Urban,8334,0.031197504199664026,Approved
LP002879,Male,Yes,0,Graduate,No,3391,1966,133.0,360.0,0.0,Rural,5357,0.0248273287287661,Denied
LP002885,Male,No,0,Not Graduate,No,2868,0,70.0,360.0,1.0,Urban,2868,0.024407252440725245,Approved
LP002890,Male,Yes,2,Not Graduate,No,3418,1380,135.0,360.0,1.0,Urban,4798,0.028136723634847854,Approved
LP002891,Male,Yes,0,Graduate,Yes,2500,296,137.0,300.0,1.0,Rural,2796,0.04899856938483548,Approved
LP002899,Male,Yes,2,Graduate,No,8667,0,254.0,360.0,1.0,Rural,8667,0.029306565132110305,Approved
LP002901,Male,No,0,Graduate,No,2283,15000,106.0,360.0,1.0,Rural,17283,0.006133194468552913,Approved
LP002907,Male,Yes,0,Graduate,No,5817,910,109.0,360.0,1.0,Urban,6727,0.016203359595659283,Approved
LP002920,Male,Yes,0,Graduate,No,5119,3769,120.0,360.0,1.0,Rural,8888,0.013501350135013501,Approved
LP002921,Male,Yes,3+,Not Graduate,No,5316,187,158.0,180.0,0.0,Semiurban,5503,0.028711611848082862,Denied
LP002932,Male,Yes,3+,Graduate,No,7603,1213,197.0,360.0,1.0,Urban,8816,0.02234573502722323,Approved
LP002935,Male,Yes,1,Graduate,No,3791,1936,85.0,360.0,1.0,Urban,5727,0.014841976602060415,Approved
LP002952,Male,No,0,Graduate,No,2500,0,60.0,360.0,1.0,Urban,2500,0.024,Approved
LP002954,Male,Yes,2,Not Graduate,No,3132,0,76.0,360.0,1.0,Rural,3132,0.024265644955300127,Approved
LP002962,Male,No,0,Graduate,No,4000,2667,152.0,360.0,1.0,Semiurban,6667,0.02279886005699715,Approved
LP002965,Female,Yes,0,Graduate,No,8550,4255,96.0,360.0,1.0,Urban,12805,0.0074970714564623194,Approved
LP002969,Male,Yes,1,Graduate,No,2269,2167,99.0,360.0,1.0,Semiurban,4436,0.022317403065825067,Approved
LP002971,Male,Yes,3+,Not Graduate,Yes,4009,1777,113.0,360.0,1.0,Urban,5786,0.01952989975803664,Approved
LP002975,Male,Yes,0,Graduate,No,4158,709,115.0,360.0,1.0,Urban,4867,0.02362851859461681,Approved
LP002980,Male,No,0,Graduate,No,3250,1993,126.0,360.0,1.0,Semiurban,5243,0.02403204272363151,Approved
LP002986,Male,Yes,0,Graduate,No,5000,2393,158.0,360.0,1.0,Rural,7393,0.021371567699174896,Approved
LP002989,Male,No,0,Graduate,Yes,9200,0,98.0,180.0,1.0,Rural,9200,0.010652173913043479,Approved
